<?xml version="1.0" encoding="UTF-8"?>
<project-private xmlns="http://www.netbeans.org/ns/project-private/1">
    <editor-bookmarks xmlns="http://www.netbeans.org/ns/editor-bookmarks/2" lastBookmarkId="0"/>
    <open-files xmlns="http://www.netbeans.org/ns/projectui-open-files/2">
        <group>
            <file>file:/C:/Users/cy190/Desktop/SistemaCorreo/SocketsChatJava/src/chat/frames/Chat.java</file>
            <file>file:/C:/Users/cy190/Desktop/SistemaCorreo/SocketsChatJava/src/edd/PrbListaDoble.java</file>
            <file>file:/C:/Users/cy190/Desktop/SistemaCorreo/SocketsChatJava/src/chat/frames/ClienteRecibidos.java</file>
            <file>file:/C:/Users/cy190/Desktop/SistemaCorreo/SocketsChatJava/src/edd/Nodo.java</file>
            <file>file:/C:/Users/cy190/Desktop/SistemaCorreo/SocketsChatJava/src/edd/Multilista.java</file>
            <file>file:/C:/Users/cy190/Desktop/SistemaCorreo/SocketsChatJava/src/chat/frames/Cliente1Enviados.java</file>
            <file>file:/C:/Users/cy190/Desktop/SistemaCorreo/SocketsChatJava/src/chat/controlador/ControladorCliente.java</file>
        </group>
    </open-files>
</project-private>
